task,league,model_family,auc,pr_auc,log_loss,brier,ece,precision_at_k,recall_at_k,n_train,n_val
selection,Combined,decision_tree,0.9963235294117647,0.994024469291849,0.04964690549465194,0.0013774104683195593,0.0,0.9926470588235294,0.9926470588235294,11238,726
bracket,MBB,mlp,0.8496781359569084,,0.44895646055931865,0.14614958477039308,0.03841617721339133,,,92377,5312
bracket,WBB,autoencoder_proxy_mlp,0.8877745779919719,,0.4149695663642238,0.13266849055823232,0.03710641900119544,,,68585,5116
